"sales_rep_id","id"
"acae040e-43a3-11eb-9c19-1248a61b23d1","ab3cad8e-73de-11ec-9742-16a398308e81"
"b1b61010-4392-11eb-b4fb-1248a61b23d1","60157b4e-0069-11ec-a123-16a398308e81"
"b1b61010-4392-11eb-b4fb-1248a61b23d1","051ecdf8-4d5d-11ec-9997-16a398308e81"
"aa659662-4371-11eb-b092-1248a61b23d1","97df41f8-3797-11ec-bcef-16a398308e81"
"aa659662-4371-11eb-b092-1248a61b23d1","ae224868-35fb-11ec-9910-16a398308e81"
"aa659662-4371-11eb-b092-1248a61b23d1","d39f9618-2944-11ec-810f-16a398308e81"
"aa659662-4371-11eb-b092-1248a61b23d1","86206800-7227-11ec-96da-16a398308e81"
"aa659662-4371-11eb-b092-1248a61b23d1","42b86a2e-0065-11ec-a523-16a398308e81"
"aa659662-4371-11eb-b092-1248a61b23d1","e1fb6334-0065-11ec-a86d-16a398308e81"
"aa659662-4371-11eb-b092-1248a61b23d1","010d8da8-0069-11ec-9e80-16a398308e81"
"aa659662-4371-11eb-b092-1248a61b23d1","71dbe982-0067-11ec-9343-16a398308e81"
"aa659662-4371-11eb-b092-1248a61b23d1","c4322bde-74a1-11ec-ab14-16a398308e81"
"aa659662-4371-11eb-b092-1248a61b23d1","8e12d1d2-74b7-11ec-86d3-16a398308e81"
"aa659662-4371-11eb-b092-1248a61b23d1","0e99065e-0065-11ec-bf2c-16a398308e81"
"aa659662-4371-11eb-b092-1248a61b23d1","1bfd2d02-0065-11ec-bf8f-16a398308e81"
"aa659662-4371-11eb-b092-1248a61b23d1","3dc3e33e-0067-11ec-91c1-16a398308e81"
"aa659662-4371-11eb-b092-1248a61b23d1","454901de-0067-11ec-91f5-16a398308e81"
"aa659662-4371-11eb-b092-1248a61b23d1","47f677e0-0067-11ec-9208-16a398308e81"
"aa659662-4371-11eb-b092-1248a61b23d1","09617756-0f84-11ec-9637-16a398308e81"
"aa659662-4371-11eb-b092-1248a61b23d1","e9deabd2-38ec-11ec-b47d-16a398308e81"
"aa659662-4371-11eb-b092-1248a61b23d1","916ca71c-7224-11ec-9e90-16a398308e81"
"aa659662-4371-11eb-b092-1248a61b23d1","5bcf8cd4-379e-11ec-9df0-16a398308e81"
"1170626c-43a2-11eb-b5e1-1248a61b23d1","cd8f250a-24c5-11ec-aac7-16a398308e81"
"acae040e-43a3-11eb-9c19-1248a61b23d1","ee61694c-8081-11ec-9d12-16a398308e81"
"acae040e-43a3-11eb-9c19-1248a61b23d1","f9c03b7e-2965-11ec-a006-16a398308e81"
"b1b61010-4392-11eb-b4fb-1248a61b23d1","ab734ac4-7479-11ec-bee7-16a398308e81"
"acae040e-43a3-11eb-9c19-1248a61b23d1","a74797cc-43f3-11ec-ad02-16a398308e81"
"b1b61010-4392-11eb-b4fb-1248a61b23d1","1c9d38a8-7223-11ec-b3ca-16a398308e81"
"aa659662-4371-11eb-b092-1248a61b23d1","30eca1c2-7228-11ec-9e89-16a398308e81"
"aa659662-4371-11eb-b092-1248a61b23d1","e3ec4bd2-37a0-11ec-8aac-16a398308e81"
"aa659662-4371-11eb-b092-1248a61b23d1","195e7dc2-0069-11ec-9f2c-16a398308e81"
"aa659662-4371-11eb-b092-1248a61b23d1","95a12bd2-4d67-11ec-880d-16a398308e81"
"aa659662-4371-11eb-b092-1248a61b23d1","10205bcc-8084-11ec-8a79-16a398308e81"
"aa659662-4371-11eb-b092-1248a61b23d1","244885c0-7abc-11ec-b9b7-16a398308e81"
"aa659662-4371-11eb-b092-1248a61b23d1","8bb2536e-0067-11ec-93fc-16a398308e81"
"aa659662-4371-11eb-b092-1248a61b23d1","d200595e-38f9-11ec-9795-16a398308e81"
"aa659662-4371-11eb-b092-1248a61b23d1","cdf21942-0069-11ec-a43d-16a398308e81"
"aa659662-4371-11eb-b092-1248a61b23d1","59f1c3e8-0065-11ec-a5d8-16a398308e81"
"aa659662-4371-11eb-b092-1248a61b23d1","9131a310-753f-11ec-9dad-16a398308e81"
"aa659662-4371-11eb-b092-1248a61b23d1","5756bcf6-0065-11ec-a5c5-16a398308e81"
"aa659662-4371-11eb-b092-1248a61b23d1","33b59918-1b61-11ec-9dab-16a398308e81"
"aa659662-4371-11eb-b092-1248a61b23d1","9325df68-0066-11ec-ac6f-16a398308e81"
"aa659662-4371-11eb-b092-1248a61b23d1","90a5d724-0067-11ec-941e-16a398308e81"
"aa659662-4371-11eb-b092-1248a61b23d1","c62998ae-0067-11ec-95b9-16a398308e81"
"acae040e-43a3-11eb-9c19-1248a61b23d1","b26135a8-749c-11ec-bd7f-16a398308e81"
"acae040e-43a3-11eb-9c19-1248a61b23d1","57af93fa-7228-11ec-a720-16a398308e81"
"acae040e-43a3-11eb-9c19-1248a61b23d1","02401fbc-4d97-11ec-a177-16a398308e81"
"b1b61010-4392-11eb-b4fb-1248a61b23d1","d3a00576-27e6-11ec-8bf8-16a398308e81"
"aa659662-4371-11eb-b092-1248a61b23d1","9d29144e-0066-11ec-acbd-16a398308e81"
"aa659662-4371-11eb-b092-1248a61b23d1","32e61bf6-7224-11ec-8dcf-16a398308e81"
"aa659662-4371-11eb-b092-1248a61b23d1","5c4c1928-0069-11ec-a0f7-16a398308e81"
"aa659662-4371-11eb-b092-1248a61b23d1","6cae8874-7223-11ec-8dc3-16a398308e81"
"aa659662-4371-11eb-b092-1248a61b23d1","d7f27df2-7223-11ec-8dc9-16a398308e81"
"aa659662-4371-11eb-b092-1248a61b23d1","f0525fcc-3847-11ec-a496-16a398308e81"
"aa659662-4371-11eb-b092-1248a61b23d1","5ace5fb8-43f6-11ec-9853-16a398308e81"
"aa659662-4371-11eb-b092-1248a61b23d1","6e9be102-0065-11ec-a677-16a398308e81"
"aa659662-4371-11eb-b092-1248a61b23d1","d0d1f1ca-0067-11ec-960b-16a398308e81"
"aa659662-4371-11eb-b092-1248a61b23d1","dbcc3b26-0067-11ec-965d-16a398308e81"
"aa659662-4371-11eb-b092-1248a61b23d1","e882bd36-0067-11ec-96c3-16a398308e81"
"aa659662-4371-11eb-b092-1248a61b23d1","33b289a0-11d2-11ec-b4a1-16a398308e81"
"aa659662-4371-11eb-b092-1248a61b23d1","3706a470-0065-11ec-a4c1-16a398308e81"
"b1b61010-4392-11eb-b4fb-1248a61b23d1","d9b08672-82de-11ec-88d8-16a398308e81"
"aa659662-4371-11eb-b092-1248a61b23d1","866c21d0-0064-11ec-a8ee-16a398308e81"
"acae040e-43a3-11eb-9c19-1248a61b23d1","904bdc46-3853-11ec-8d7d-16a398308e81"
"aa659662-4371-11eb-b092-1248a61b23d1","a966996e-7223-11ec-9f7a-16a398308e81"
"aa659662-4371-11eb-b092-1248a61b23d1","bdddae00-7228-11ec-a75b-16a398308e81"
"aa659662-4371-11eb-b092-1248a61b23d1","a1264772-0068-11ec-9bed-16a398308e81"
"aa659662-4371-11eb-b092-1248a61b23d1","cc2fa972-27f0-11ec-80a8-16a398308e81"
"aa659662-4371-11eb-b092-1248a61b23d1","236c3c08-0066-11ec-a90f-16a398308e81"
"aa659662-4371-11eb-b092-1248a61b23d1","68e0df56-24c8-11ec-bcbe-16a398308e81"
"aa659662-4371-11eb-b092-1248a61b23d1","fcbfc9b0-0067-11ec-9762-16a398308e81"
"aa659662-4371-11eb-b092-1248a61b23d1","388e28ba-0068-11ec-98fe-16a398308e81"
"aa659662-4371-11eb-b092-1248a61b23d1","c8821f56-006a-11ec-aacd-16a398308e81"
"aa659662-4371-11eb-b092-1248a61b23d1","32fdc75c-0068-11ec-98e1-16a398308e81"
"aa659662-4371-11eb-b092-1248a61b23d1","f7644174-0064-11ec-be83-16a398308e81"
"aa659662-4371-11eb-b092-1248a61b23d1","16e1e072-0c1f-11ec-868d-16a398308e81"
"aa659662-4371-11eb-b092-1248a61b23d1","c7899c0a-0065-11ec-a79d-16a398308e81"
"aa659662-4371-11eb-b092-1248a61b23d1","391b984c-0aba-11ec-b56b-16a398308e81"
"aa659662-4371-11eb-b092-1248a61b23d1","0485e964-0067-11ec-9029-16a398308e81"
"aa659662-4371-11eb-b092-1248a61b23d1","cc2a8966-0067-11ec-95e8-16a398308e81"
"aa659662-4371-11eb-b092-1248a61b23d1","05fc2c68-0067-11ec-9034-16a398308e81"
"aa659662-4371-11eb-b092-1248a61b23d1","7c07f102-0068-11ec-9ae3-16a398308e81"
"acae040e-43a3-11eb-9c19-1248a61b23d1","8fba5e98-2dc6-11ec-a4ab-16a398308e81"
"acae040e-43a3-11eb-9c19-1248a61b23d1","0525e71e-7224-11ec-a96e-16a398308e81"
"acae040e-43a3-11eb-9c19-1248a61b23d1","621ef218-524d-11ec-b236-16a398308e81"
"acae040e-43a3-11eb-9c19-1248a61b23d1","2225148c-74a1-11ec-98df-16a398308e81"
"b1b61010-4392-11eb-b4fb-1248a61b23d1","156427e8-7d5b-11ec-a58d-16a398308e81"
"b1b61010-4392-11eb-b4fb-1248a61b23d1","4cbd3452-2eb7-11ec-96c8-16a398308e81"
"aa659662-4371-11eb-b092-1248a61b23d1","1201dbfa-7229-11ec-a229-16a398308e81"
"aa659662-4371-11eb-b092-1248a61b23d1","a3424642-464e-11ec-a214-16a398308e81"
"aa659662-4371-11eb-b092-1248a61b23d1","54d605fa-38ea-11ec-a8b2-16a398308e81"
"aa659662-4371-11eb-b092-1248a61b23d1","24a49356-0069-11ec-9f7d-16a398308e81"
"aa659662-4371-11eb-b092-1248a61b23d1","72136c1e-0066-11ec-ab6f-16a398308e81"
"aa659662-4371-11eb-b092-1248a61b23d1","106ce598-35ff-11ec-a257-16a398308e81"
"aa659662-4371-11eb-b092-1248a61b23d1","de3b5c8c-0064-11ec-bdc6-16a398308e81"
"aa659662-4371-11eb-b092-1248a61b23d1","e43150f6-0064-11ec-bdf3-16a398308e81"
"aa659662-4371-11eb-b092-1248a61b23d1","79503d32-0065-11ec-a6c3-16a398308e81"
"aa659662-4371-11eb-b092-1248a61b23d1","72f283d6-27e9-11ec-8ec1-16a398308e81"
"aa659662-4371-11eb-b092-1248a61b23d1","476b8adc-0066-11ec-aa20-16a398308e81"
"aa659662-4371-11eb-b092-1248a61b23d1","78e88902-0066-11ec-aba4-16a398308e81"
"aa659662-4371-11eb-b092-1248a61b23d1","23464532-0068-11ec-987a-16a398308e81"
"aa659662-4371-11eb-b092-1248a61b23d1","942ed58e-0068-11ec-9b95-16a398308e81"
"2914624e-4436-11eb-bec9-1248a61b23d1","33fe388e-7229-11ec-a22b-16a398308e81"
"aa659662-4371-11eb-b092-1248a61b23d1","14c75ede-0067-11ec-909e-16a398308e81"
"aa659662-4371-11eb-b092-1248a61b23d1","ee82f5fa-0064-11ec-be43-16a398308e81"
"aa659662-4371-11eb-b092-1248a61b23d1","16477efc-85f9-11ec-9bab-16a398308e81"
"aa659662-4371-11eb-b092-1248a61b23d1","e6e5faea-3057-11ec-a7d0-16a398308e81"
"acae040e-43a3-11eb-9c19-1248a61b23d1","ca73b82a-7229-11ec-b614-16a398308e81"
"b1b61010-4392-11eb-b4fb-1248a61b23d1","d51802da-7e0a-11ec-b55b-16a398308e81"
"fe18e6a2-43a2-11eb-b1e9-1248a61b23d1","1e39db4a-31c7-11ec-82ec-16a398308e81"
"2914624e-4436-11eb-bec9-1248a61b23d1","f1daabfe-4758-11ec-b14a-16a398308e81"
"aa659662-4371-11eb-b092-1248a61b23d1","ba141786-7224-11ec-a9de-16a398308e81"
"aa659662-4371-11eb-b092-1248a61b23d1","31bdfa9a-3c56-11ec-b56a-16a398308e81"
"aa659662-4371-11eb-b092-1248a61b23d1","efb782b0-06cc-11ec-89eb-16a398308e81"
"aa659662-4371-11eb-b092-1248a61b23d1","fd22befa-7711-11ec-b144-16a398308e81"
"aa659662-4371-11eb-b092-1248a61b23d1","9e42978a-8601-11ec-b239-16a398308e81"
"aa659662-4371-11eb-b092-1248a61b23d1","abc2cab6-0068-11ec-9c31-16a398308e81"
"aa659662-4371-11eb-b092-1248a61b23d1","1be64cf0-0069-11ec-9f3b-16a398308e81"
"aa659662-4371-11eb-b092-1248a61b23d1","6bdf3f78-0069-11ec-a170-16a398308e81"
"aa659662-4371-11eb-b092-1248a61b23d1","56afdd1e-006a-11ec-a782-16a398308e81"
"aa659662-4371-11eb-b092-1248a61b23d1","b6ad7e56-006a-11ec-aa49-16a398308e81"
"aa659662-4371-11eb-b092-1248a61b23d1","a31129c4-006a-11ec-a9b6-16a398308e81"
"aa659662-4371-11eb-b092-1248a61b23d1","0797bd00-0065-11ec-befa-16a398308e81"
"aa659662-4371-11eb-b092-1248a61b23d1","adbba6ec-006a-11ec-aa09-16a398308e81"
"aa659662-4371-11eb-b092-1248a61b23d1","c8a6a8b8-0069-11ec-a416-16a398308e81"
"aa659662-4371-11eb-b092-1248a61b23d1","538d6f74-0066-11ec-aa7d-16a398308e81"
"aa659662-4371-11eb-b092-1248a61b23d1","6657f628-261e-11ec-951e-16a398308e81"
"b1b61010-4392-11eb-b4fb-1248a61b23d1","6a6124ba-31e5-11ec-978e-16a398308e81"
"e18be080-3da1-11ec-84cc-16a398308e81","b154a764-8926-11ec-9e59-16a398308e81"
NULL,"5e564954-05bf-11ec-a3dc-16a398308e81"
NULL,"eb5203b2-7224-11ec-8a52-16a398308e81"
"aa659662-4371-11eb-b092-1248a61b23d1","cb45ede8-77a3-11ec-987e-16a398308e81"
"aa659662-4371-11eb-b092-1248a61b23d1","15510938-722a-11ec-a88f-16a398308e81"
NULL,"7d0cec90-1a10-11eb-baab-c1d33835d816"
"aa659662-4371-11eb-b092-1248a61b23d1","0f0ca4ae-4757-11ec-b0c2-16a398308e81"
"aa659662-4371-11eb-b092-1248a61b23d1","0eff8a6a-3c5a-11ec-9786-16a398308e81"
"aa659662-4371-11eb-b092-1248a61b23d1","9f2062f2-15d3-11ec-862e-16a398308e81"
"aa659662-4371-11eb-b092-1248a61b23d1","67de8388-006a-11ec-a801-16a398308e81"
"aa659662-4371-11eb-b092-1248a61b23d1","2a42934a-0225-11ec-9367-16a398308e81"
"aa659662-4371-11eb-b092-1248a61b23d1","c5de2a8e-7a3a-11ec-ada1-16a398308e81"
"aa659662-4371-11eb-b092-1248a61b23d1","8864cbec-0067-11ec-93e3-16a398308e81"
"aa659662-4371-11eb-b092-1248a61b23d1","b053b926-0065-11ec-a6ec-16a398308e81"
"aa659662-4371-11eb-b092-1248a61b23d1","c8b65eee-0068-11ec-9d04-16a398308e81"
"aa659662-4371-11eb-b092-1248a61b23d1","9ab1e8aa-0069-11ec-a2c7-16a398308e81"
"aa659662-4371-11eb-b092-1248a61b23d1","4ceb236a-006a-11ec-a744-16a398308e81"
"aa659662-4371-11eb-b092-1248a61b23d1","cec182d0-006a-11ec-ab01-16a398308e81"
NULL,"7d0cec90-1a10-11eb-baab-c1d33835d815"
"aa659662-4371-11eb-b092-1248a61b23d1","4e93fc6e-18c5-11ec-a606-16a398308e81"
"aa659662-4371-11eb-b092-1248a61b23d1","a1438308-006a-11ec-a9a8-16a398308e81"
"aa659662-4371-11eb-b092-1248a61b23d1","6840fcd0-24c2-11ec-ab82-16a398308e81"
"1170626c-43a2-11eb-b5e1-1248a61b23d1","4488f6f2-0065-11ec-a533-16a398308e81"
"1170626c-43a2-11eb-b5e1-1248a61b23d1","c3b40d3c-0d16-11ec-b51e-16a398308e81"
"1170626c-43a2-11eb-b5e1-1248a61b23d1","bc36fcb6-0066-11ec-8e04-16a398308e81"
"aa659662-4371-11eb-b092-1248a61b23d1","d0c2bada-0066-11ec-8e8c-16a398308e81"
"aa659662-4371-11eb-b092-1248a61b23d1","391a55b8-7225-11ec-b5f0-16a398308e81"
"aa659662-4371-11eb-b092-1248a61b23d1","4320d97e-722a-11ec-84f7-16a398308e81"
"aa659662-4371-11eb-b092-1248a61b23d1","57d80218-32a9-11ec-9323-16a398308e81"
"aa659662-4371-11eb-b092-1248a61b23d1","899060a6-2517-11ec-a9ee-16a398308e81"
"aa659662-4371-11eb-b092-1248a61b23d1","bbb6ad96-0065-11ec-a744-16a398308e81"
"aa659662-4371-11eb-b092-1248a61b23d1","a373f44a-0066-11ec-acf0-16a398308e81"
"aa659662-4371-11eb-b092-1248a61b23d1","b07d0cc4-0abd-11ec-aec9-16a398308e81"
"aa659662-4371-11eb-b092-1248a61b23d1","4493b98a-18c4-11ec-8f0c-16a398308e81"
"aa659662-4371-11eb-b092-1248a61b23d1","3c9e8878-0068-11ec-991b-16a398308e81"
"aa659662-4371-11eb-b092-1248a61b23d1","e556e726-0068-11ec-9dce-16a398308e81"
"aa659662-4371-11eb-b092-1248a61b23d1","e903b254-0069-11ec-a504-16a398308e81"
"aa659662-4371-11eb-b092-1248a61b23d1","5a804942-0065-11ec-a5de-16a398308e81"
"aa659662-4371-11eb-b092-1248a61b23d1","0d967248-2700-11ec-b88f-16a398308e81"
"aa659662-4371-11eb-b092-1248a61b23d1","f9a3aa5c-0068-11ec-9e48-16a398308e81"
"aa659662-4371-11eb-b092-1248a61b23d1","290d951c-7a3c-11ec-9610-16a398308e81"
"41e340ae-4479-11eb-857f-1248a61b23d1","94a7c4fc-0064-11ec-bdc0-16a398308e81"
"1170626c-43a2-11eb-b5e1-1248a61b23d1","dab1feae-0069-11ec-a49a-16a398308e81"
"1170626c-43a2-11eb-b5e1-1248a61b23d1","25e31050-0067-11ec-9117-16a398308e81"
"acae040e-43a3-11eb-9c19-1248a61b23d1","9d924420-796d-11ec-bc12-16a398308e81"
NULL,"b6b6acc0-3d0e-11ec-a9cc-16a398308e81"
"acae040e-43a3-11eb-9c19-1248a61b23d1","7db1cda0-722a-11ec-9632-16a398308e81"
"aa659662-4371-11eb-b092-1248a61b23d1","d184d18e-7225-11ec-9815-16a398308e81"
"aa659662-4371-11eb-b092-1248a61b23d1","29ed2158-3371-11ec-9d00-16a398308e81"
"aa659662-4371-11eb-b092-1248a61b23d1","d0025340-006a-11ec-ab0b-16a398308e81"
"aa659662-4371-11eb-b092-1248a61b23d1","51e94798-8ab7-11ec-84b6-16a398308e81"
"1170626c-43a2-11eb-b5e1-1248a61b23d1","fdf840b0-0066-11ec-8ff4-16a398308e81"
"1170626c-43a2-11eb-b5e1-1248a61b23d1","430b94a8-0068-11ec-9944-16a398308e81"
"1170626c-43a2-11eb-b5e1-1248a61b23d1","9a16ec74-0064-11ec-be04-16a398308e81"
"1170626c-43a2-11eb-b5e1-1248a61b23d1","e6d949be-0067-11ec-96b4-16a398308e81"
"acae040e-43a3-11eb-9c19-1248a61b23d1","5faaa1f2-7224-11ec-a278-16a398308e81"
"acae040e-43a3-11eb-9c19-1248a61b23d1","fdd154d4-0064-11ec-beb2-16a398308e81"
"acae040e-43a3-11eb-9c19-1248a61b23d1","67661720-0a0d-11ec-a66b-16a398308e81"
"acae040e-43a3-11eb-9c19-1248a61b23d1","08b5c422-0068-11ec-97ba-16a398308e81"
"acae040e-43a3-11eb-9c19-1248a61b23d1","ddb4519c-0064-11ec-bdc1-16a398308e81"
"acae040e-43a3-11eb-9c19-1248a61b23d1","3a066084-1703-11ec-9a53-16a398308e81"
"acae040e-43a3-11eb-9c19-1248a61b23d1","ba19321a-006a-11ec-aa61-16a398308e81"
"acae040e-43a3-11eb-9c19-1248a61b23d1","8c0f38e8-0069-11ec-a25e-16a398308e81"
"acae040e-43a3-11eb-9c19-1248a61b23d1","7503caa8-0067-11ec-935c-16a398308e81"
"acae040e-43a3-11eb-9c19-1248a61b23d1","2fe4f9f8-0065-11ec-a484-16a398308e81"
"acae040e-43a3-11eb-9c19-1248a61b23d1","cd08a7b0-27b7-11ec-92b8-16a398308e81"
"acae040e-43a3-11eb-9c19-1248a61b23d1","30d6b940-0066-11ec-a970-16a398308e81"
"acae040e-43a3-11eb-9c19-1248a61b23d1","8747368e-7806-11ec-b36a-16a398308e81"
"acae040e-43a3-11eb-9c19-1248a61b23d1","17a0174e-0068-11ec-9826-16a398308e81"
"b1b61010-4392-11eb-b4fb-1248a61b23d1","72044ee6-3e78-11ec-a2ac-16a398308e81"
"aa659662-4371-11eb-b092-1248a61b23d1","64fb5640-7226-11ec-9110-16a398308e81"
"aa659662-4371-11eb-b092-1248a61b23d1","a971891c-722a-11ec-a2b8-16a398308e81"
"acae040e-43a3-11eb-9c19-1248a61b23d1","7e3b42ee-33a3-11ec-bf01-16a398308e81"
"acae040e-43a3-11eb-9c19-1248a61b23d1","6580076e-796f-11ec-8415-16a398308e81"
"acae040e-43a3-11eb-9c19-1248a61b23d1","fa8566ba-8abd-11ec-8252-16a398308e81"
"acae040e-43a3-11eb-9c19-1248a61b23d1","dac9585a-0065-11ec-a831-16a398308e81"
"acae040e-43a3-11eb-9c19-1248a61b23d1","704fb7fc-0066-11ec-ab61-16a398308e81"
"acae040e-43a3-11eb-9c19-1248a61b23d1","3f146936-41d8-11ec-a659-16a398308e81"
"acae040e-43a3-11eb-9c19-1248a61b23d1","fefb7e5c-0064-11ec-bebc-16a398308e81"
"acae040e-43a3-11eb-9c19-1248a61b23d1","ec55aff6-0065-11ec-a8bf-16a398308e81"
"acae040e-43a3-11eb-9c19-1248a61b23d1","67373262-0066-11ec-ab18-16a398308e81"
"acae040e-43a3-11eb-9c19-1248a61b23d1","8a0afaa8-0066-11ec-ac2c-16a398308e81"
"acae040e-43a3-11eb-9c19-1248a61b23d1","7f2a9868-0067-11ec-93aa-16a398308e81"
"acae040e-43a3-11eb-9c19-1248a61b23d1","290e4d56-0069-11ec-9f9e-16a398308e81"
"acae040e-43a3-11eb-9c19-1248a61b23d1","5db1cf4a-0066-11ec-aacb-16a398308e81"
"acae040e-43a3-11eb-9c19-1248a61b23d1","68f182b0-0066-11ec-ab27-16a398308e81"
"acae040e-43a3-11eb-9c19-1248a61b23d1","9e84968a-0064-11ec-bbe1-16a398308e81"
"acae040e-43a3-11eb-9c19-1248a61b23d1","068f4b9e-24cd-11ec-8d6e-16a398308e81"
"acae040e-43a3-11eb-9c19-1248a61b23d1","237cec3a-0c21-11ec-a4d7-16a398308e81"
"acae040e-43a3-11eb-9c19-1248a61b23d1","cf9ac7a0-09f4-11ec-bb83-16a398308e81"
"acae040e-43a3-11eb-9c19-1248a61b23d1","b3da2774-006a-11ec-aa34-16a398308e81"
"acae040e-43a3-11eb-9c19-1248a61b23d1","e6817b54-0066-11ec-8f3b-16a398308e81"
"acae040e-43a3-11eb-9c19-1248a61b23d1","6bc3620c-0065-11ec-a660-16a398308e81"
"fe18e6a2-43a2-11eb-b1e9-1248a61b23d1","c7fe9036-0c23-11ec-b2a7-16a398308e81"
"b1b61010-4392-11eb-b4fb-1248a61b23d1","b0655a1c-0067-11ec-950a-16a398308e81"
"b1b61010-4392-11eb-b4fb-1248a61b23d1","6c210ab8-3e9c-11ec-8c6f-16a398308e81"
"b1b61010-4392-11eb-b4fb-1248a61b23d1","d48ee90a-722a-11ec-95e2-16a398308e81"
"aa659662-4371-11eb-b092-1248a61b23d1","ca754a72-0065-11ec-a7b3-16a398308e81"
"acae040e-43a3-11eb-9c19-1248a61b23d1","0ad35d3a-8ac1-11ec-84a2-16a398308e81"
"acae040e-43a3-11eb-9c19-1248a61b23d1","ba5030c6-0123-11ec-9177-16a398308e81"
"acae040e-43a3-11eb-9c19-1248a61b23d1","b2faa210-0066-11ec-ad69-16a398308e81"
"acae040e-43a3-11eb-9c19-1248a61b23d1","72e71bd2-006a-11ec-a847-16a398308e81"
"acae040e-43a3-11eb-9c19-1248a61b23d1","9be88c5c-428f-11ec-9926-16a398308e81"
"acae040e-43a3-11eb-9c19-1248a61b23d1","905f3d80-7229-11ec-9032-16a398308e81"
"b1b61010-4392-11eb-b4fb-1248a61b23d1","fcc886ce-73e7-11ec-a487-16a398308e81"
"b1b61010-4392-11eb-b4fb-1248a61b23d1","5086d9d4-0c1c-11ec-b118-16a398308e81"
"b1b61010-4392-11eb-b4fb-1248a61b23d1","09561426-0069-11ec-9eb2-16a398308e81"
"b1b61010-4392-11eb-b4fb-1248a61b23d1","7e178d7e-0066-11ec-abca-16a398308e81"
"b1b61010-4392-11eb-b4fb-1248a61b23d1","7cf4bc1c-749e-11ec-8e21-16a398308e81"
"b1b61010-4392-11eb-b4fb-1248a61b23d1","7de64a60-7d21-11ec-80e8-16a398308e81"
"b1b61010-4392-11eb-b4fb-1248a61b23d1","5cc6c50a-0a0b-11ec-b19e-16a398308e81"
"b1b61010-4392-11eb-b4fb-1248a61b23d1","b89a31ba-0064-11ec-bc9d-16a398308e81"
"b1b61010-4392-11eb-b4fb-1248a61b23d1","d2894aaa-0066-11ec-8e9a-16a398308e81"
"b1b61010-4392-11eb-b4fb-1248a61b23d1","b1a68528-0066-11ec-ad5b-16a398308e81"
"b1b61010-4392-11eb-b4fb-1248a61b23d1","53aeff52-0068-11ec-99bd-16a398308e81"
"b1b61010-4392-11eb-b4fb-1248a61b23d1","213e0ef6-0067-11ec-90f3-16a398308e81"
"b1b61010-4392-11eb-b4fb-1248a61b23d1","56539562-0066-11ec-aa90-16a398308e81"
"2914624e-4436-11eb-bec9-1248a61b23d1","56dcd244-0068-11ec-99d5-16a398308e81"
"b1b61010-4392-11eb-b4fb-1248a61b23d1","de53f70c-40d2-11ec-be85-16a398308e81"
"b1b61010-4392-11eb-b4fb-1248a61b23d1","ba34a918-7226-11ec-9234-16a398308e81"
"aa659662-4371-11eb-b092-1248a61b23d1","20707e42-0066-11ec-a8f7-16a398308e81"
"aa659662-4371-11eb-b092-1248a61b23d1","bf035834-0068-11ec-9cc1-16a398308e81"
"1170626c-43a2-11eb-b5e1-1248a61b23d1","790f39c6-722b-11ec-a386-16a398308e81"
"acae040e-43a3-11eb-9c19-1248a61b23d1","2618cb50-8ac3-11ec-864f-16a398308e81"
"b1b61010-4392-11eb-b4fb-1248a61b23d1","4c8946b6-0067-11ec-922a-16a398308e81"
"b1b61010-4392-11eb-b4fb-1248a61b23d1","0bc49e1c-24b8-11ec-a5ce-16a398308e81"
"b1b61010-4392-11eb-b4fb-1248a61b23d1","d4b07c38-5474-11ec-9dcc-16a398308e81"
"b1b61010-4392-11eb-b4fb-1248a61b23d1","a4832c7c-0064-11ec-bc16-16a398308e81"
"b1b61010-4392-11eb-b4fb-1248a61b23d1","e9919fea-0066-11ec-8f53-16a398308e81"
"b1b61010-4392-11eb-b4fb-1248a61b23d1","e98ac694-0065-11ec-a8a8-16a398308e81"
"b1b61010-4392-11eb-b4fb-1248a61b23d1","41e91a16-0066-11ec-a9f2-16a398308e81"
"b1b61010-4392-11eb-b4fb-1248a61b23d1","4e55b796-0066-11ec-aa55-16a398308e81"
"b1b61010-4392-11eb-b4fb-1248a61b23d1","fa071c1c-0064-11ec-be95-16a398308e81"
"b1b61010-4392-11eb-b4fb-1248a61b23d1","a3532b4a-3c19-11ec-8c47-16a398308e81"
"b1b61010-4392-11eb-b4fb-1248a61b23d1","3792566e-0065-11ec-a4c6-16a398308e81"
"b1b61010-4392-11eb-b4fb-1248a61b23d1","b1bf17c4-1e83-11ec-8637-16a398308e81"
"b1b61010-4392-11eb-b4fb-1248a61b23d1","de976002-15c9-11ec-872f-16a398308e81"
"b1b61010-4392-11eb-b4fb-1248a61b23d1","3223cac2-0066-11ec-a97a-16a398308e81"
"b1b61010-4392-11eb-b4fb-1248a61b23d1","e03d48ca-0068-11ec-9da4-16a398308e81"
"b1b61010-4392-11eb-b4fb-1248a61b23d1","6f38c2b6-0069-11ec-a184-16a398308e81"
"b1b61010-4392-11eb-b4fb-1248a61b23d1","f8a517a6-722a-11ec-a380-16a398308e81"
"1170626c-43a2-11eb-b5e1-1248a61b23d1","206fede2-722b-11ec-9dc3-16a398308e81"
"aa659662-4371-11eb-b092-1248a61b23d1","66abceca-0066-11ec-ab13-16a398308e81"
"aa659662-4371-11eb-b092-1248a61b23d1","4cfa1340-0068-11ec-998e-16a398308e81"
"aa659662-4371-11eb-b092-1248a61b23d1","de147d86-35f9-11ec-a4e3-16a398308e81"
"aa659662-4371-11eb-b092-1248a61b23d1","df42143e-7226-11ec-bc19-16a398308e81"
"aa659662-4371-11eb-b092-1248a61b23d1","8517ccba-8ad1-11ec-91c6-16a398308e81"
"acae040e-43a3-11eb-9c19-1248a61b23d1","b94f22f4-410b-11ec-829d-16a398308e81"
"b1b61010-4392-11eb-b4fb-1248a61b23d1","18cbac72-3cb9-11ec-a290-16a398308e81"
"b1b61010-4392-11eb-b4fb-1248a61b23d1","66c76a16-8ab5-11ec-ac03-16a398308e81"
"b1b61010-4392-11eb-b4fb-1248a61b23d1","a21c8e56-0064-11ec-bc01-16a398308e81"
"b1b61010-4392-11eb-b4fb-1248a61b23d1","a939f2c6-722b-11ec-8245-16a398308e81"
"b1b61010-4392-11eb-b4fb-1248a61b23d1","4cc3988e-1ff7-11ec-b497-16a398308e81"
"b1b61010-4392-11eb-b4fb-1248a61b23d1","ba556a68-0066-11ec-ada7-16a398308e81"
"b1b61010-4392-11eb-b4fb-1248a61b23d1","903e760e-24bd-11ec-90fb-16a398308e81"
"b1b61010-4392-11eb-b4fb-1248a61b23d1","1ce2d5aa-24b4-11ec-88ec-16a398308e81"
"b1b61010-4392-11eb-b4fb-1248a61b23d1","22bf697a-0065-11ec-bfc3-16a398308e81"
"b1b61010-4392-11eb-b4fb-1248a61b23d1","6da40346-0066-11ec-ab48-16a398308e81"
"b1b61010-4392-11eb-b4fb-1248a61b23d1","b8c95c3a-11ce-11ec-a4b9-16a398308e81"
"b1b61010-4392-11eb-b4fb-1248a61b23d1","614ee566-0066-11ec-aae7-16a398308e81"
"b1b61010-4392-11eb-b4fb-1248a61b23d1","7cf892a8-0066-11ec-abc0-16a398308e81"
"b1b61010-4392-11eb-b4fb-1248a61b23d1","837a5fba-0068-11ec-9b14-16a398308e81"
"aa659662-4371-11eb-b092-1248a61b23d1","b4f12f28-4d5d-11ec-9328-16a398308e81"
"aa659662-4371-11eb-b092-1248a61b23d1","5cd9b460-295c-11ec-accb-16a398308e81"
"aa659662-4371-11eb-b092-1248a61b23d1","f0f37912-467e-11ec-91c6-16a398308e81"
"aa659662-4371-11eb-b092-1248a61b23d1","e8c42968-0064-11ec-be19-16a398308e81"
"aa659662-4371-11eb-b092-1248a61b23d1","bbba3366-4684-11ec-a437-16a398308e81"
NULL,"1cf9df16-27f7-11ec-82f0-16a398308e81"
"aa659662-4371-11eb-b092-1248a61b23d1","0b8a8228-7228-11ec-9953-16a398308e81"
"aa659662-4371-11eb-b092-1248a61b23d1","5f580660-7227-11ec-88d9-16a398308e81"
"aa659662-4371-11eb-b092-1248a61b23d1","11041b36-0065-11ec-bf41-16a398308e81"
"aa659662-4371-11eb-b092-1248a61b23d1","3633c7ec-7227-11ec-88a3-16a398308e81"
"aa659662-4371-11eb-b092-1248a61b23d1","a70fda8c-549a-11ec-a777-16a398308e81"
"aa659662-4371-11eb-b092-1248a61b23d1","905538bc-0064-11ec-a93b-16a398308e81"
"aa659662-4371-11eb-b092-1248a61b23d1","96c2ea28-0064-11ec-bdda-16a398308e81"
"aa659662-4371-11eb-b092-1248a61b23d1","59529688-0466-11ec-b13d-16a398308e81"
"aa659662-4371-11eb-b092-1248a61b23d1","8ed0966c-8435-11ec-a887-16a398308e81"
"aa659662-4371-11eb-b092-1248a61b23d1","20b4a5da-0067-11ec-90ee-16a398308e81"
"aa659662-4371-11eb-b092-1248a61b23d1","bcb0e6c2-0064-11ec-bcbf-16a398308e81"
"aa659662-4371-11eb-b092-1248a61b23d1","433d0b80-0065-11ec-a528-16a398308e81"
"aa659662-4371-11eb-b092-1248a61b23d1","c3d6fb66-0065-11ec-a781-16a398308e81"
"aa659662-4371-11eb-b092-1248a61b23d1","d19d533a-0065-11ec-a7e8-16a398308e81"
"aa659662-4371-11eb-b092-1248a61b23d1","e8e85972-0065-11ec-a8a2-16a398308e81"
"aa659662-4371-11eb-b092-1248a61b23d1","9989fd94-0066-11ec-aca0-16a398308e81"
"aa659662-4371-11eb-b092-1248a61b23d1","198f5d66-0f8c-11ec-80af-16a398308e81"
"aa659662-4371-11eb-b092-1248a61b23d1","0fef6762-0067-11ec-907f-16a398308e81"
"aa659662-4371-11eb-b092-1248a61b23d1","154f336a-0065-11ec-bf64-16a398308e81"
"b1b61010-4392-11eb-b4fb-1248a61b23d1","58e174ac-0066-11ec-aaa4-16a398308e81"
"b1b61010-4392-11eb-b4fb-1248a61b23d1","85ce7468-0068-11ec-9b25-16a398308e81"
"b1b61010-4392-11eb-b4fb-1248a61b23d1","6054062e-0065-11ec-a60a-16a398308e81"
"b1b61010-4392-11eb-b4fb-1248a61b23d1","ac0caf7a-0066-11ec-ad2d-16a398308e81"
"b1b61010-4392-11eb-b4fb-1248a61b23d1","94d45c4e-0067-11ec-943b-16a398308e81"
"b1b61010-4392-11eb-b4fb-1248a61b23d1","c81b2786-0067-11ec-95c7-16a398308e81"
"b1b61010-4392-11eb-b4fb-1248a61b23d1","9ded982e-1cad-11ec-8319-16a398308e81"
"b1b61010-4392-11eb-b4fb-1248a61b23d1","d1cb806c-0064-11ec-bd63-16a398308e81"
"b1b61010-4392-11eb-b4fb-1248a61b23d1","d4be8cb0-0064-11ec-bd78-16a398308e81"
"b1b61010-4392-11eb-b4fb-1248a61b23d1","67f8db90-1c97-11ec-925a-16a398308e81"
"b1b61010-4392-11eb-b4fb-1248a61b23d1","e32a6444-006a-11ec-ab96-16a398308e81"
"b1b61010-4392-11eb-b4fb-1248a61b23d1","b4a3176c-0068-11ec-9c77-16a398308e81"
"b1b61010-4392-11eb-b4fb-1248a61b23d1","e1abd91e-0069-11ec-a4cb-16a398308e81"
"b1b61010-4392-11eb-b4fb-1248a61b23d1","c04adfae-0064-11ec-bcda-16a398308e81"
"b1b61010-4392-11eb-b4fb-1248a61b23d1","62cc1990-0066-11ec-aaf5-16a398308e81"
"b1b61010-4392-11eb-b4fb-1248a61b23d1","d7cc3696-0064-11ec-bd92-16a398308e81"
"b1b61010-4392-11eb-b4fb-1248a61b23d1","62eb45a0-006a-11ec-a7d9-16a398308e81"
"b1b61010-4392-11eb-b4fb-1248a61b23d1","605d64b0-0067-11ec-92be-16a398308e81"
"b1b61010-4392-11eb-b4fb-1248a61b23d1","a4347edc-006a-11ec-a9bf-16a398308e81"
"b1b61010-4392-11eb-b4fb-1248a61b23d1","909912b4-24ca-11ec-bc44-16a398308e81"
"b1b61010-4392-11eb-b4fb-1248a61b23d1","fec1ca8c-1724-11ec-b49f-16a398308e81"
"b1b61010-4392-11eb-b4fb-1248a61b23d1","972547de-0066-11ec-ac8e-16a398308e81"
"b1b61010-4392-11eb-b4fb-1248a61b23d1","97e42e52-006a-11ec-a962-16a398308e81"
"b1b61010-4392-11eb-b4fb-1248a61b23d1","51f14caa-24d6-11ec-9f21-16a398308e81"
"fe18e6a2-43a2-11eb-b1e9-1248a61b23d1","f58cf1e6-0066-11ec-8fb2-16a398308e81"
"fe18e6a2-43a2-11eb-b1e9-1248a61b23d1","e35c1776-7227-11ec-9951-16a398308e81"
"fe18e6a2-43a2-11eb-b1e9-1248a61b23d1","88d5e5ba-4659-11ec-a3ee-16a398308e81"
"fe18e6a2-43a2-11eb-b1e9-1248a61b23d1","8361da1e-0066-11ec-abf7-16a398308e81"
"fe18e6a2-43a2-11eb-b1e9-1248a61b23d1","230bfc32-514f-11ec-a2e3-16a398308e81"
"fe18e6a2-43a2-11eb-b1e9-1248a61b23d1","b5f59fa8-0069-11ec-a381-16a398308e81"
"fe18e6a2-43a2-11eb-b1e9-1248a61b23d1","e4e0c202-0064-11ec-bdfa-16a398308e81"
"fe18e6a2-43a2-11eb-b1e9-1248a61b23d1","330590b4-0067-11ec-9175-16a398308e81"
"fe18e6a2-43a2-11eb-b1e9-1248a61b23d1","2dedfece-0065-11ec-a473-16a398308e81"
"fe18e6a2-43a2-11eb-b1e9-1248a61b23d1","e16aa894-0065-11ec-a867-16a398308e81"
"fe18e6a2-43a2-11eb-b1e9-1248a61b23d1","c9ad0f92-0067-11ec-95d3-16a398308e81"
"fe18e6a2-43a2-11eb-b1e9-1248a61b23d1","d824632e-006a-11ec-ab45-16a398308e81"
"fe18e6a2-43a2-11eb-b1e9-1248a61b23d1","0f1dfee8-7227-11ec-8946-16a398308e81"
"fe18e6a2-43a2-11eb-b1e9-1248a61b23d1","2b55f108-0065-11ec-a45e-16a398308e81"
"fe18e6a2-43a2-11eb-b1e9-1248a61b23d1","4505d168-06d2-11ec-8d4f-16a398308e81"
"fe18e6a2-43a2-11eb-b1e9-1248a61b23d1","60a6db66-0069-11ec-a129-16a398308e81"
"fe18e6a2-43a2-11eb-b1e9-1248a61b23d1","b86524ba-0065-11ec-a727-16a398308e81"
"fe18e6a2-43a2-11eb-b1e9-1248a61b23d1","5ccf4a1c-0066-11ec-aac5-16a398308e81"
"fe18e6a2-43a2-11eb-b1e9-1248a61b23d1","aa9be75e-06d4-11ec-bbd6-16a398308e81"
"fe18e6a2-43a2-11eb-b1e9-1248a61b23d1","9cfe4ab8-0069-11ec-a2d3-16a398308e81"
"fe18e6a2-43a2-11eb-b1e9-1248a61b23d1","e7ab1c12-0069-11ec-a4fa-16a398308e81"
"fe18e6a2-43a2-11eb-b1e9-1248a61b23d1","df1aa738-0065-11ec-a854-16a398308e81"
"fe18e6a2-43a2-11eb-b1e9-1248a61b23d1","c6eb48c0-006a-11ec-aac1-16a398308e81"
"fe18e6a2-43a2-11eb-b1e9-1248a61b23d1","66fab4ba-7229-11ec-9372-16a398308e81"
"fe18e6a2-43a2-11eb-b1e9-1248a61b23d1","dfd1cc44-18cd-11ec-bb8b-16a398308e81"
"fe18e6a2-43a2-11eb-b1e9-1248a61b23d1","17d349f8-15cf-11ec-a94f-16a398308e81"
"fe18e6a2-43a2-11eb-b1e9-1248a61b23d1","dfb295a4-0068-11ec-9d9f-16a398308e81"
"2914624e-4436-11eb-bec9-1248a61b23d1","27db6d48-4294-11ec-89e2-16a398308e81"
"2914624e-4436-11eb-bec9-1248a61b23d1","34534a0c-43f0-11ec-b86e-16a398308e81"
"2914624e-4436-11eb-bec9-1248a61b23d1","7dd863a4-7228-11ec-a722-16a398308e81"
"2914624e-4436-11eb-bec9-1248a61b23d1","c4d06b96-0066-11ec-8e45-16a398308e81"
"2914624e-4436-11eb-bec9-1248a61b23d1","ba6fbdd0-0068-11ec-9ca2-16a398308e81"
"2914624e-4436-11eb-bec9-1248a61b23d1","5494d854-2fcc-11ec-9a22-16a398308e81"
"2914624e-4436-11eb-bec9-1248a61b23d1","fb37ea40-304c-11ec-9944-16a398308e81"
"2914624e-4436-11eb-bec9-1248a61b23d1","6882f4d8-0068-11ec-9a4b-16a398308e81"
"2914624e-4436-11eb-bec9-1248a61b23d1","bf876baa-0069-11ec-a3cd-16a398308e81"
"2914624e-4436-11eb-bec9-1248a61b23d1","358991c4-0066-11ec-a992-16a398308e81"
"2914624e-4436-11eb-bec9-1248a61b23d1","c1c41b4a-0067-11ec-9599-16a398308e81"
"2914624e-4436-11eb-bec9-1248a61b23d1","5ea26292-0067-11ec-92b2-16a398308e81"
"2914624e-4436-11eb-bec9-1248a61b23d1","0baf6004-15c4-11ec-9439-16a398308e81"
"2914624e-4436-11eb-bec9-1248a61b23d1","490ed196-0066-11ec-aa2e-16a398308e81"
"2914624e-4436-11eb-bec9-1248a61b23d1","51d07166-0068-11ec-99ae-16a398308e81"
"2914624e-4436-11eb-bec9-1248a61b23d1","2d5d215a-0066-11ec-a955-16a398308e81"
"2914624e-4436-11eb-bec9-1248a61b23d1","50abc8be-0066-11ec-aa68-16a398308e81"
"2914624e-4436-11eb-bec9-1248a61b23d1","a7a76560-0066-11ec-ad0e-16a398308e81"
"2914624e-4436-11eb-bec9-1248a61b23d1","c4f04fe8-006a-11ec-aab0-16a398308e81"
"2914624e-4436-11eb-bec9-1248a61b23d1","ada64154-2837-11ec-bd74-16a398308e81"
"ba530e74-7224-11eb-b8e6-1248a61b23d1","b3a65b5e-7227-11ec-994f-16a398308e81"
"ba530e74-7224-11eb-b8e6-1248a61b23d1","87ce81c0-2707-11ec-9773-16a398308e81"
"ba530e74-7224-11eb-b8e6-1248a61b23d1","dcafa81c-27ee-11ec-87fc-16a398308e81"
"ba530e74-7224-11eb-b8e6-1248a61b23d1","566430da-54b1-11ec-b271-16a398308e81"
"ba530e74-7224-11eb-b8e6-1248a61b23d1","945e6828-7226-11ec-af88-16a398308e81"
"ba530e74-7224-11eb-b8e6-1248a61b23d1","d69a527c-2548-11ec-92da-16a398308e81"
"ba530e74-7224-11eb-b8e6-1248a61b23d1","a099704c-0066-11ec-acd8-16a398308e81"
"b188d3b6-4392-11eb-be89-1248a61b23d1","90226522-0069-11ec-a27e-16a398308e81"
"e18be080-3da1-11ec-84cc-16a398308e81","9a1a15d2-83a6-11ec-959a-16a398308e81"
"e18be080-3da1-11ec-84cc-16a398308e81","12ba5b9c-83a6-11ec-9e77-16a398308e81"
